/content/early/2014/05/09/eLife\\.01257,/content/3/e01257v1
/content/early/2014/04/24/eLife\\.01381,/content/3/e01381v1
/content/early/2014/06/24/eLife\\.01621,/content/3/e01621v1
/content/early/2014/06/28/eLife\\.01621,/content/3/e01621v2
/content/early/2014/05/17/eLife\\.01763,/content/3/e01763v1
/content/early/2014/04/28/eLife\\.01776,/content/3/e01776v1
/content/early/2014/04/23/eLife\\.01911,/content/3/e01911v1
/content/early/2014/09/08/eLife\\.01913,/content/3/e01913v1
/content/early/2014/09/09/eLife\\.01913,/content/3/e01913v2
/content/early/2014/04/23/eLife\\.01936,/content/3/e01936v1
/content/early/2014/05/17/eLife\\.01949,/content/3/e01949v1
/content/early/2014/05/23/eLife\\.01964,/content/3/e01964v1
/content/early/2014/06/23/eLife\\.01990,/content/3/e01990v1
/content/early/2014/04/23/eLife\\.02008,/content/3/e02008v1
/content/early/2014/05/27/eLife\\.02009,/content/3/e02009v1
/content/early/2014/05/17/eLife\\.02024,/content/3/e02024v1
/content/early/2014/05/03/eLife\\.02028,/content/3/e02028v1
/content/early/2014/05/01/eLife\\.02030,/content/3/e02030v1
/content/early/2014/04/28/eLife\\.02043,/content/3/e02043v1
/content/early/2014/04/24/eLife\\.02057,/content/3/e02057v1
/content/early/2014/06/04/eLife\\.02104,/content/3/e02104v1
/content/early/2014/05/09/eLife\\.02105,/content/3/e02105v1
/content/early/2014/05/08/eLife\\.02112,/content/3/e02112v1
/content/early/2014/04/23/eLife\\.02130,/content/3/e02130v1
/content/early/2014/06/15/eLife\\.02152,/content/3/e02152v1
/content/early/2014/04/23/eLife\\.02164,/content/3/e02164v1
/content/early/2014/05/29/eLife\\.02184,/content/3/e02184v1
/content/early/2014/05/30/eLife\\.02196,/content/3/e02196v1
/content/early/2014/06/05/eLife\\.02196,/content/3/e02196v2
/content/early/2014/05/20/eLife\\.02203,/content/3/e02203v1
/content/early/2014/05/24/eLife\\.02206,/content/3/e02206v1
/content/early/2014/04/30/eLife\\.02208,/content/3/e02208v1
/content/early/2014/06/14/eLife\\.02224,/content/3/e02224v1
/content/early/2014/06/12/eLife\\.02230,/content/3/e02230v1
/content/early/2014/08/21/eLife\\.02236,/content/3/e02236v1
/content/early/2014/05/07/eLife\\.02245,/content/3/e02245v1
/content/early/2014/05/13/eLife\\.02245,/content/3/e02245v2
/content/early/2014/04/28/eLife\\.02252,/content/3/e02252v1
/content/early/2014/05/23/eLife\\.02260,/content/3/e02260v1
/content/early/2014/05/14/eLife\\.02265,/content/3/e02265v1
/content/early/2014/05/16/eLife\\.02272,/content/3/e02272v1
/content/early/2014/05/17/eLife\\.02283,/content/3/e02283v1
/content/early/2014/05/23/eLife\\.02286,/content/3/e02286v1
/content/early/2014/06/06/eLife\\.02286,/content/3/e02286v2
/content/early/2014/06/24/eLife\\.02304,/content/3/e02304v1
/content/early/2014/04/28/eLife\\.02362,/content/3/e02362v1
/content/early/2014/04/23/eLife\\.02365,/content/3/e02365v1
/content/early/2014/06/18/eLife\\.02372,/content/3/e02372v1
/content/early/2014/06/19/eLife\\.02372,/content/3/e02372v2
/content/early/2014/04/23/eLife\\.02375,/content/3/e02375v1
/content/early/2014/04/23/eLife\\.02384,/content/3/e02384v1
/content/early/2014/05/08/eLife\\.02391,/content/3/e02391v1
/content/early/2014/05/21/eLife\\.02397,/content/3/e02397v1
/content/early/2014/04/24/eLife\\.02409,/content/3/e02409v1
/content/early/2014/04/23/eLife\\.02419,/content/3/e02419v1
/content/early/2014/05/13/eLife\\.02440,/content/3/e02440v1
/content/early/2014/05/07/eLife\\.02444,/content/3/e02444v1
/content/early/2014/05/09/eLife\\.02444,/content/3/e02444v2
/content/early/2014/04/30/eLife\\.02445,/content/3/e02445v1
/content/early/2014/04/30/eLife\\.02451,/content/3/e02451v1
/content/early/2014/06/16/eLife\\.02478,/content/3/e02478v1
/content/early/2014/04/30/eLife\\.02481,/content/3/e02481v1
/content/early/2014/05/03/eLife\\.02482,/content/3/e02482v1
/content/early/2014/05/30/eLife\\.02501,/content/3/e02501v1
/content/early/2014/04/30/eLife\\.02511,/content/3/e02511v1
/content/early/2014/05/20/eLife\\.02523,/content/3/e02523v1
/content/early/2014/04/24/eLife\\.02525,/content/3/e02525v1
/content/early/2014/06/04/eLife\\.02535,/content/3/e02535v1
/content/early/2014/05/07/eLife\\.02536,/content/3/e02536v1
/content/early/2014/06/12/eLife\\.02555,/content/3/e02555v1
/content/early/2014/04/28/eLife\\.02557,/content/3/e02557v1
/content/early/2014/07/15/eLife\\.02564,/content/3/e02564v1
/content/early/2014/06/04/eLife\\.02565,/content/3/e02565v1
/content/early/2014/06/11/eLife\\.02598,/content/3/e02598v1
/content/early/2014/05/02/eLife\\.02634,/content/3/e02634v1
/content/early/2014/07/18/eLife\\.02653,/content/3/e02653v1
/content/early/2014/07/19/eLife\\.02653,/content/3/e02653v2
/content/early/2014/05/07/eLife\\.02669,/content/3/e02669v1
/content/early/2014/07/01/eLife\\.02670,/content/3/e02670v1
/content/early/2014/09/08/eLife\\.02671,/content/3/e02671v1
/content/early/2014/05/17/eLife\\.02674,/content/3/e02674v1
/content/early/2014/06/26/eLife\\.02676,/content/3/e02676v1
/content/early/2014/06/23/eLife\\.02687,/content/3/e02687v1
/content/early/2014/07/31/eLife\\.02725,/content/3/e02725v1
/content/early/2014/09/30/eLife\\.02726,/content/3/e02726v1
/content/early/2014/05/27/eLife\\.02730,/content/3/e02730v1
/content/early/2014/06/04/eLife\\.02734,/content/3/e02734v1
/content/early/2014/05/16/eLife\\.02740,/content/3/e02740v1
/content/early/2014/05/23/eLife\\.02758,/content/3/e02758v1
/content/early/2014/06/30/eLife\\.02772,/content/3/e02772v1
/content/early/2014/06/17/eLife\\.02780,/content/3/e02780v1
/content/early/2014/05/17/eLife\\.02784,/content/3/e02784v1
/content/early/2014/06/20/eLife\\.02786,/content/3/e02786v1
/content/early/2014/06/17/eLife\\.02792,/content/3/e02792v1
/content/early/2014/05/28/eLife\\.02805,/content/3/e02805v1
/content/early/2014/09/16/eLife\\.02809,/content/3/e02809v1
/content/early/2014/05/28/eLife\\.02811,/content/3/e02811v1
/content/early/2014/07/31/eLife\\.02833,/content/3/e02833v1
/content/early/2014/07/08/eLife\\.02839,/content/3/e02839v1
/content/early/2014/06/16/eLife\\.02848,/content/3/e02848v1
/content/early/2014/06/27/eLife\\.02851,/content/3/e02851v1
/content/early/2014/06/19/eLife\\.02860,/content/3/e02860v1
/content/early/2014/10/02/eLife\\.02862,/content/3/e02862v1
/content/early/2014/12/11/eLife\\.02869,/content/3/e02869v1
/content/early/2014/05/23/eLife\\.02872,/content/3/e02872v1
/content/early/2014/07/04/eLife\\.02875,/content/3/e02875v1
/content/early/2014/06/11/eLife\\.02882,/content/3/e02882v1
/content/early/2014/08/14/eLife\\.02893,/content/3/e02893v1
/content/early/2014/07/21/eLife\\.02907,/content/3/e02907v1
/content/early/2014/06/25/eLife\\.02910,/content/3/e02910v1
/content/early/2014/06/26/eLife\\.02910,/content/3/e02910v2
/content/early/2014/09/30/eLife\\.02935,/content/3/e02935v1
/content/early/2014/06/10/eLife\\.02938,/content/3/e02938v1
/content/early/2014/08/13/eLife\\.02949,/content/3/e02949v1
/content/early/2014/06/20/eLife\\.02963,/content/3/e02963v1
/content/early/2014/07/15/eLife\\.02964,/content/3/e02964v1
/content/early/2014/08/06/eLife\\.02975,/content/3/e02975v1
/content/early/2014/06/14/eLife\\.03005,/content/3/e03005v1
/content/early/2014/09/01/eLife\\.03007,/content/3/e03007v1
/content/early/2014/07/28/eLife\\.03023,/content/3/e03023v1
/content/early/2014/07/30/eLife\\.03023,/content/3/e03023v2
/content/early/2014/05/27/eLife\\.03031,/content/3/e03031v1
/content/early/2014/08/06/eLife\\.03032,/content/3/e03032v1
/content/early/2014/07/09/eLife\\.03035,/content/3/e03035v1
/content/early/2014/08/05/eLife\\.03069,/content/3/e03069v1
/content/early/2014/07/14/eLife\\.03075,/content/3/e03075v1
/content/early/2014/06/09/eLife\\.03080,/content/3/e03080v1
/content/early/2014/06/05/eLife\\.03100,/content/3/e03100v1
/content/early/2014/07/24/eLife\\.03104,/content/3/e03104v1
/content/early/2014/08/29/eLife\\.03125,/content/3/e03125v1
/content/early/2014/08/18/eLife\\.03126,/content/3/e03126v1
/content/early/2014/09/09/eLife\\.03159,/content/3/e03159v1
/content/early/2014/10/27/eLife\\.03180,/content/3/e03180v1
/content/early/2014/07/08/eLife\\.03191,/content/3/e03191v1
/content/early/2014/07/03/eLife\\.03198,/content/3/e03198v1
/content/early/2014/07/28/eLife\\.03205,/content/3/e03205v1
/content/early/2014/07/29/eLife\\.03206,/content/3/e03206v1
/content/early/2014/07/14/eLife\\.03222,/content/3/e03222v1
/content/early/2014/10/15/eLife\\.03229,/content/3/e03229v1
/content/early/2014/08/22/eLife\\.03239,/content/3/e03239v1
/content/early/2014/09/25/eLife\\.03251,/content/3/e03251v1
/content/early/2014/08/12/eLife\\.03254,/content/3/e03254v1
/content/early/2014/07/15/eLife\\.03255,/content/3/e03255v1
/content/early/2014/10/10/eLife\\.03271,/content/3/e03271v1
/content/early/2014/08/12/eLife\\.03273,/content/3/e03273v1
/content/early/2014/06/28/eLife\\.03275,/content/3/e03275v1
/content/early/2014/12/05/eLife\\.03282,/content/3/e03282v1
/content/early/2014/10/29/eLife\\.03293,/content/3/e03293v1
/content/early/2014/07/04/eLife\\.03300,/content/3/e03300v1
/content/early/2014/07/09/eLife\\.03300,/content/3/e03300v2
/content/early/2014/07/11/eLife\\.03300,/content/3/e03300v3
/content/early/2014/11/07/eLife\\.03307,/content/3/e03307v1
/content/early/2014/11/13/eLife\\.03307,/content/3/e03307v2
/content/early/2014/08/13/eLife\\.03311,/content/3/e03311v1
/content/early/2014/07/09/eLife\\.03342,/content/3/e03342v1
/content/early/2014/08/26/eLife\\.03346,/content/3/e03346v1
/content/early/2014/09/01/eLife\\.03348,/content/3/e03348v1
/content/early/2014/07/16/eLife\\.03357,/content/3/e03357v1
/content/early/2014/08/06/eLife\\.03383,/content/3/e03383v1
/content/early/2014/08/11/eLife\\.03383,/content/3/e03383v2
/content/early/2014/09/29/eLife\\.03385,/content/3/e03385v1
/content/early/2014/09/25/eLife\\.03397,/content/3/e03397v1
/content/early/2014/12/18/eLife\\.03398,/content/3/e03398v1
/content/early/2014/08/22/eLife\\.03399,/content/3/e03399v1
/content/early/2014/07/15/eLife\\.03401,/content/3/e03401v1
/content/early/2014/07/17/eLife\\.03401,/content/3/e03401v2
/content/early/2014/12/24/eLife\\.03416,/content/3/e03416v1
/content/early/2014/07/14/eLife\\.03427,/content/3/e03427v1
/content/early/2014/09/25/eLife\\.03430,/content/3/e03430v1
/content/early/2014/08/18/eLife\\.03440,/content/3/e03440v1
/content/early/2014/12/22/eLife\\.03445,/content/3/e03445v1
/content/early/2014/08/29/eLife\\.03467,/content/3/e03467v1
/content/early/2014/09/02/eLife\\.03468,/content/3/e03468v1
/content/early/2014/08/21/eLife\\.03473,/content/3/e03473v1
/content/early/2014/08/26/eLife\\.03473,/content/3/e03473v2
/content/early/2014/08/20/eLife\\.03476,/content/3/e03476v1
/content/early/2014/12/22/eLife\\.03487,/content/3/e03487v1
/content/early/2014/07/21/eLife\\.03496,/content/3/e03496v1
/content/early/2014/10/06/eLife\\.03502,/content/3/e03502v1
/content/early/2014/09/04/eLife\\.03504,/content/3/e03504v1
/content/early/2014/10/03/eLife\\.03526,/content/3/e03526v1
/content/early/2014/08/21/eLife\\.03528,/content/3/e03528v1
/content/early/2014/10/01/eLife\\.03532,/content/3/e03532v1
/content/early/2014/09/18/eLife\\.03553,/content/3/e03553v1
/content/early/2014/10/14/eLife\\.03558,/content/3/e03558v1
/content/early/2014/10/01/eLife\\.03563,/content/3/e03563v1
/content/early/2014/10/17/eLife\\.03564,/content/3/e03564v1
/content/early/2014/11/19/eLife\\.03573,/content/3/e03573v1
/content/early/2014/09/18/eLife\\.03574,/content/3/e03574v1
/content/early/2014/11/26/eLife\\.03579,/content/3/e03579v1
/content/early/2014/11/27/eLife\\.03579,/content/3/e03579v2
/content/early/2014/10/23/eLife\\.03581,/content/3/e03581v1
/content/early/2014/11/17/eLife\\.03583,/content/3/e03583v1
/content/early/2014/11/27/eLife\\.03583,/content/3/e03583v2
/content/early/2014/10/06/eLife\\.03596,/content/3/e03596v1
/content/early/2014/07/31/eLife\\.03604,/content/3/e03604v1
/content/early/2014/09/09/eLife\\.03613,/content/3/e03613v1
/content/early/2014/09/08/eLife\\.03626,/content/3/e03626v1
/content/early/2014/11/19/eLife\\.03635,/content/3/e03635v1
/content/early/2014/07/15/eLife\\.03638,/content/3/e03638v1
/content/early/2014/09/23/eLife\\.03640,/content/3/e03640v1
/content/early/2014/10/10/eLife\\.03648,/content/3/e03648v1
/content/early/2014/08/05/eLife\\.03653,/content/3/e03653v1
/content/early/2014/11/20/eLife\\.03658,/content/3/e03658v1
/content/early/2014/07/18/eLife\\.03671,/content/3/e03671v1
/content/early/2014/08/15/eLife\\.03674,/content/3/e03674v1
/content/early/2014/09/09/eLife\\.03680,/content/3/e03680v1
/content/early/2014/09/17/eLife\\.03680,/content/3/e03680v2
/content/early/2014/09/25/eLife\\.03696,/content/3/e03696v1
/content/early/2014/12/15/eLife\\.03697,/content/3/e03697v1
/content/early/2014/10/17/eLife\\.03701,/content/3/e03701v1
/content/early/2014/08/19/eLife\\.03703,/content/3/e03703v1
/content/early/2014/10/15/eLife\\.03711,/content/3/e03711v1
/content/early/2014/10/13/eLife\\.03714,/content/3/e03714v1
/content/early/2014/09/22/eLife\\.03720,/content/3/e03720v1
/content/early/2014/11/14/eLife\\.03722,/content/3/e03722v1
/content/early/2014/11/18/eLife\\.03724,/content/3/e03724v1
/content/early/2014/09/09/eLife\\.03728,/content/3/e03728v1
/content/early/2014/10/27/eLife\\.03735,/content/3/e03735v1
/content/early/2014/10/14/eLife\\.03737,/content/3/e03737v1
/content/early/2014/12/30/eLife\\.03751,/content/3/e03751v1
/content/early/2014/07/21/eLife\\.03765,/content/3/e03765v1
/content/early/2014/10/23/eLife\\.03766,/content/3/e03766v1
/content/early/2014/09/25/eLife\\.03772,/content/3/e03772v1
/content/early/2014/10/03/eLife\\.03779,/content/3/e03779v1
/content/early/2014/09/12/eLife\\.03781,/content/3/e03781v1
/content/early/2014/09/12/eLife\\.03821,/content/3/e03821v1
/content/early/2014/11/03/eLife\\.03830,/content/3/e03830v1
/content/early/2014/10/08/eLife\\.03842,/content/3/e03842v1
/content/early/2014/10/08/eLife\\.03848,/content/3/e03848v1
/content/early/2014/10/16/eLife\\.03851,/content/3/e03851v1
/content/early/2014/11/20/eLife\\.03881,/content/3/e03881v1
/content/early/2014/09/01/eLife\\.03892,/content/3/e03892v1
/content/early/2014/11/17/eLife\\.03896,/content/3/e03896v1
/content/early/2014/09/12/eLife\\.03908,/content/3/e03908v1
/content/early/2014/11/07/eLife\\.03915,/content/3/e03915v1
/content/early/2014/10/01/eLife\\.03939,/content/3/e03939v1
/content/early/2014/10/02/eLife\\.03941,/content/3/e03941v1
/content/early/2014/10/03/eLife\\.03943,/content/3/e03943v1
/content/early/2014/10/01/eLife\\.03949,/content/3/e03949v1
/content/early/2014/12/16/eLife\\.03962,/content/3/e03962v1
/content/early/2014/09/17/eLife\\.03970,/content/3/e03970v1
/content/early/2014/11/06/eLife\\.04006,/content/3/e04006v1
/content/early/2014/10/14/eLife\\.04046,/content/3/e04046v1
/content/early/2014/12/16/eLife\\.04047,/content/3/e04047v1
/content/early/2014/10/17/eLife\\.04059,/content/3/e04059v1
/content/early/2014/10/23/eLife\\.04059,/content/3/e04059v2
/content/early/2014/08/29/eLife\\.04066,/content/3/e04066v1
/content/early/2014/10/09/eLife\\.04070,/content/3/e04070v1
/content/early/2014/10/10/eLife\\.04070,/content/3/e04070v2
/content/early/2014/09/25/eLife\\.04094,/content/3/e04094v1
/content/early/2014/12/17/eLife\\.04114,/content/3/e04114v1
/content/early/2014/12/08/eLife\\.04120,/content/3/e04120v1
/content/early/2014/12/08/eLife\\.04121,/content/3/e04121v1
/content/early/2014/10/16/eLife\\.04123,/content/3/e04123v1
/content/early/2014/10/13/eLife\\.04126,/content/3/e04126v1
/content/early/2014/10/14/eLife\\.04126,/content/3/e04126v2
/content/early/2014/11/11/eLife\\.04132,/content/3/e04132v1
/content/early/2014/11/27/eLife\\.04135,/content/3/e04135v1
/content/early/2014/10/10/eLife\\.04137,/content/3/e04137v1
/content/early/2014/08/22/eLife\\.04177,/content/3/e04177v1
/content/early/2014/10/08/eLife\\.04187,/content/3/e04187v1
/content/early/2014/09/30/eLife\\.04193,/content/3/e04193v1
/content/early/2014/09/02/eLife\\.04234,/content/3/e04234v1
/content/early/2014/09/24/eLife\\.04235,/content/3/e04235v1
/content/early/2014/12/02/eLife\\.04247,/content/3/e04247v1
/content/early/2014/11/25/eLife\\.04249,/content/3/e04249v1
/content/early/2014/11/27/eLife\\.04265,/content/3/e04265v1
/content/early/2014/12/02/eLife\\.04265,/content/3/e04265v2
/content/early/2014/12/02/eLife\\.04273,/content/3/e04273v1
/content/early/2014/11/24/eLife\\.04279,/content/3/e04279v1
/content/early/2014/11/19/eLife\\.04287,/content/3/e04287v1
/content/early/2014/11/10/eLife\\.04353,/content/3/e04353v1
/content/early/2014/10/06/eLife\\.04366,/content/3/e04366v1
/content/early/2014/12/04/eLife\\.04380,/content/3/e04380v1
/content/early/2014/12/05/eLife\\.04389,/content/3/e04389v1
/content/early/2014/10/14/eLife\\.04390,/content/3/e04390v1
/content/early/2014/09/05/eLife\\.04395,/content/3/e04395v1
/content/early/2014/10/06/eLife\\.04402,/content/3/e04402v1
/content/early/2014/10/13/eLife\\.04406,/content/3/e04406v1
/content/early/2014/12/24/eLife\\.04407,/content/3/e04407v1
/content/early/2014/12/08/eLife\\.04415,/content/3/e04415v1
/content/early/2014/11/19/eLife\\.04433,/content/3/e04433v1
/content/early/2014/12/01/eLife\\.04437,/content/3/e04437v1
/content/early/2014/12/01/eLife\\.04449,/content/3/e04449v1
/content/early/2014/10/29/eLife\\.04478,/content/3/e04478v1
/content/early/2014/10/14/eLife\\.04491,/content/3/e04491v1
/content/early/2014/11/27/eLife\\.04499,/content/3/e04499v1
/content/early/2014/10/10/eLife\\.04501,/content/3/e04501v1
/content/early/2014/10/13/eLife\\.04501,/content/3/e04501v2
/content/early/2014/12/15/eLife\\.04506,/content/3/e04506v1
/content/early/2014/11/20/eLife\\.04530,/content/3/e04530v1
/content/early/2014/12/09/eLife\\.04531,/content/3/e04531v1
/content/early/2014/11/12/eLife\\.04551,/content/3/e04551v1
/content/early/2014/11/10/eLife\\.04553,/content/3/e04553v1
/content/early/2014/12/23/eLife\\.04581,/content/3/e04581v1
/content/early/2014/12/23/eLife\\.04591,/content/3/e04591v1
/content/early/2014/12/09/eLife\\.04601,/content/3/e04601v1
/content/early/2014/12/19/eLife\\.04617,/content/3/e04617v1
/content/early/2014/10/29/eLife\\.04629,/content/3/e04629v1
/content/early/2014/12/12/eLife\\.04630,/content/3/e04630v1
/content/early/2014/11/19/eLife\\.04631,/content/3/e04631v1
/content/early/2014/12/19/eLife\\.04660,/content/3/e04660v1
/content/early/2014/12/02/eLife\\.04664,/content/3/e04664v1
/content/early/2014/11/20/eLife\\.04686,/content/3/e04686v1
/content/early/2014/11/25/eLife\\.04686,/content/3/e04686v2
/content/early/2014/11/18/eLife\\.04692,/content/3/e04692v1
/content/early/2014/12/15/eLife\\.04766,/content/3/e04766v1
/content/early/2014/12/22/eLife\\.04854,/content/3/e04854v1
/content/early/2014/11/10/eLife\\.04875,/content/3/e04875v1
/content/early/2014/12/09/eLife\\.04878,/content/3/e04878v1
/content/early/2014/12/12/eLife\\.04878,/content/3/e04878v2
/content/early/2014/12/24/eLife\\.05105,/content/3/e05105v1
/content/early/2014/12/09/eLife\\.05115,/content/3/e05115v1
/content/early/2014/12/23/eLife\\.05125,/content/3/e05125v1
/content/early/2014/12/23/eLife\\.05151,/content/3/e05151v1
/content/early/2014/12/30/eLife\\.05334,/content/3/e05334v1
/content/early/2014/12/23/eLife\\.05352,/content/3/e05352v1
/content/early/2014/12/30/eLife\\.05375,/content/3/e05375v1
/content/early/2014/12/22/eLife\\.05401,/content/3/e05401v1
/content/early/2014/12/19/eLife\\.05422,/content/3/e05422v1
/content/early/2014/12/12/eLife\\.05553,/content/3/e05553v1
/content/early/2014/12/18/eLife\\.02777,/content/4/e02777v1
/content/early/2015/01/07/eLife\\.02923,/content/4/e02923v1
/content/early/2015/02/10/eLife\\.02948,/content/4/e02948v1
/content/early/2015/02/26/eLife\\.03189,/content/4/e03189v1
/content/early/2015/01/15/eLife\\.03256,/content/4/e03256v1
/content/early/2015/03/19/eLife\\.03270,/content/4/e03270v1
/content/early/2015/03/27/eLife\\.03390,/content/4/e03390v1
/content/early/2015/02/02/eLife\\.03542,/content/4/e03542v1
/content/early/2015/02/13/eLife\\.03614,/content/4/e03614v1
/content/early/2015/04/13/eLife\\.03700,/content/4/e03700v1
/content/early/2015/03/27/eLife\\.03708,/content/4/e03708v1
/content/early/2015/01/29/eLife\\.03778,/content/4/e03778v1
/content/early/2015/01/08/eLife\\.03819,/content/4/e03819v1
/content/early/2015/01/07/eLife\\.03868,/content/4/e03868v1
/content/early/2015/03/30/eLife\\.03913,/content/4/e03913v1
/content/early/2015/01/23/eLife\\.03971,/content/4/e03971v1
/content/early/2015/01/15/eLife\\.03977,/content/4/e03977v1
/content/early/2015/01/16/eLife\\.03977,/content/4/e03977v2
/content/early/2015/03/06/eLife\\.04052,/content/4/e04052v1
/content/early/2015/01/23/eLife\\.04069,/content/4/e04069v1
/content/early/2015/01/08/eLife\\.04158,/content/4/e04158v1
/content/early/2015/03/11/eLife\\.04232,/content/4/e04232v1
/content/early/2015/03/11/eLife\\.04241,/content/4/e04241v1
/content/early/2015/02/05/eLife\\.04260,/content/4/e04260v1
/content/early/2015/01/03/eLife\\.04263,/content/4/e04263v1
/content/early/2015/01/03/eLife\\.04378,/content/4/e04378v1
/content/early/2015/02/25/eLife\\.04379,/content/4/e04379v1
/content/early/2015/01/27/eLife\\.04489,/content/4/e04489v1
/content/early/2015/07/17/eLife\\.04493,/content/4/e04493v1
/content/early/2015/02/03/eLife\\.04525,/content/4/e04525v1
/content/early/2015/02/12/eLife\\.04535,/content/4/e04535v1
/content/early/2015/03/25/eLife\\.04539,/content/4/e04539v1
/content/early/2015/02/27/eLife\\.04550,/content/4/e04550v1
/content/early/2015/02/09/eLife\\.04585,/content/4/e04585v1
/content/early/2015/02/23/eLife\\.04599,/content/4/e04599v1
/content/early/2015/03/24/eLife\\.04637,/content/4/e04637v1
/content/early/2015/02/02/eLife\\.04645,/content/4/e04645v1
/content/early/2015/04/08/eLife\\.04659,/content/4/e04659v1
/content/early/2015/02/09/eLife\\.04726,/content/4/e04726v1
/content/early/2015/03/25/eLife\\.04745,/content/4/e04745v1
/content/early/2015/01/23/eLife\\.04775,/content/4/e04775v1
/content/early/2015/01/05/eLife\\.04785,/content/4/e04785v1
/content/early/2015/03/05/eLife\\.04790,/content/4/e04790v1
/content/early/2015/03/12/eLife\\.04803,/content/4/e04803v1
/content/early/2015/06/17/eLife\\.04805,/content/4/e04805v1
/content/early/2015/01/08/eLife\\.04851,/content/4/e04851v1
/content/early/2015/03/16/eLife\\.04871,/content/4/e04871v1
/content/early/2015/03/16/eLife\\.04872,/content/4/e04872v1
/content/early/2015/01/09/eLife\\.04885,/content/4/e04885v1
/content/early/2015/03/20/eLife\\.04960,/content/4/e04960v1
/content/early/2015/01/16/eLife\\.04970,/content/4/e04970v1
/content/early/2015/03/03/eLife\\.04979,/content/4/e04979v1
/content/early/2015/04/14/eLife\\.04988,/content/4/e04988v1
/content/early/2015/01/07/eLife\\.04996,/content/4/e04996v1
/content/early/2015/01/15/eLife\\.04996,/content/4/e04996v2
/content/early/2015/01/12/eLife\\.05007,/content/4/e05007v1
/content/early/2015/01/13/eLife\\.05025,/content/4/e05025v1
/content/early/2015/01/19/eLife\\.05048,/content/4/e05048v1
/content/early/2015/01/16/eLife\\.05055,/content/4/e05055v1
/content/early/2015/05/05/eLife\\.05068,/content/4/e05068v1
/content/early/2015/02/24/eLife\\.05118,/content/4/e05118v1
/content/early/2015/07/17/eLife\\.05124,/content/4/e05124v1
/content/early/2015/05/07/eLife\\.05142,/content/4/e05142v1
/content/early/2015/02/24/eLife\\.05165,/content/4/e05165v1
/content/early/2015/01/08/eLife\\.05198,/content/4/e05198v1
/content/early/2015/03/16/eLife\\.05224,/content/4/e05224v1
/content/early/2015/02/13/eLife\\.05242,/content/4/e05242v1
/content/early/2015/01/22/eLife\\.05269,/content/4/e05269v1
/content/early/2015/01/27/eLife\\.05290,/content/4/e05290v1
/content/early/2015/04/10/eLife\\.05345,/content/4/e05345v1
/content/early/2015/10/14/eLife\\.05360,/content/4/e05360v1
/content/early/2015/04/13/eLife\\.05361,/content/4/e05361v1
/content/early/2015/01/29/eLife\\.05378,/content/4/e05378v1
/content/early/2015/03/06/eLife\\.05413,/content/4/e05413v1
/content/early/2015/03/17/eLife\\.05421,/content/4/e05421v1
/content/early/2015/03/17/eLife\\.05423,/content/4/e05423v1
/content/early/2015/03/04/eLife\\.05449,/content/4/e05449v1
/content/early/2015/05/08/eLife\\.05462,/content/4/e05462v1
/content/early/2015/02/04/eLife\\.05463,/content/4/e05463v1
/content/early/2015/03/06/eLife\\.05464,/content/4/e05464v1
/content/early/2015/03/04/eLife\\.05472,/content/4/e05472v1
/content/early/2015/04/17/eLife\\.05473,/content/4/e05473v1
/content/early/2015/03/12/eLife\\.05491,/content/4/e05491v1
/content/early/2015/03/12/eLife\\.05503,/content/4/e05503v1
/content/early/2015/05/05/eLife\\.05505,/content/4/e05505v1
/content/early/2015/04/17/eLife\\.05506,/content/4/e05506v1
/content/early/2015/05/07/eLife\\.05519,/content/4/e05519v1
/content/early/2015/03/30/eLife\\.05521,/content/4/e05521v1
/content/early/2015/04/14/eLife\\.05531,/content/4/e05531v1
/content/early/2015/02/19/eLife\\.05534,/content/4/e05534v1
/content/early/2015/04/14/eLife\\.05538,/content/4/e05538v1
/content/early/2015/02/25/eLife\\.05544,/content/4/e05544v1
/content/early/2015/01/27/eLife\\.05558,/content/4/e05558v1
/content/early/2015/03/05/eLife\\.05560,/content/4/e05560v1
/content/early/2015/08/06/eLife\\.05563,/content/4/e05563v1
/content/early/2015/02/02/eLife\\.05597,/content/4/e05597v1
/content/early/2015/06/12/eLife\\.05607,/content/4/e05607v1
/content/early/2015/02/24/eLife\\.05608,/content/4/e05608v1
/content/early/2015/04/23/eLife\\.05615,/content/4/e05615v1
/content/early/2015/04/23/eLife\\.05648,/content/4/e05648v1
/content/early/2015/03/20/eLife\\.05651,/content/4/e05651v1
/content/early/2015/05/21/eLife\\.05652,/content/4/e05652v1
/content/early/2015/04/28/eLife\\.05660,/content/4/e05660v1
/content/early/2015/01/15/eLife\\.05663,/content/4/e05663v1
/content/early/2015/04/21/eLife\\.05697,/content/4/e05697v1
/content/early/2015/04/28/eLife\\.05697,/content/4/e05697v2
/content/early/2015/02/02/eLife\\.05701,/content/4/e05701v1
/content/early/2015/02/13/eLife\\.05733,/content/4/e05733v1
/content/early/2015/06/19/eLife\\.05767,/content/4/e05767v1
/content/early/2015/08/11/eLife\\.05828,/content/4/e05828v1
/content/early/2015/08/17/eLife\\.05828,/content/4/e05828v2
/content/early/2015/09/10/eLife\\.05842,/content/4/e05842v1
/content/early/2015/03/05/eLife\\.05868,/content/4/e05868v1
/content/early/2015/02/03/eLife\\.05896,/content/4/e05896v1
/content/early/2015/02/17/eLife\\.05899,/content/4/e05899v1
/content/early/2015/03/30/eLife\\.05913,/content/4/e05913v1
/content/early/2015/04/27/eLife\\.05921,/content/4/e05921v1
/content/early/2015/04/24/eLife\\.05979,/content/4/e05979v1
/content/early/2015/04/24/eLife\\.05981,/content/4/e05981v1
/content/early/2015/03/11/eLife\\.06003,/content/4/e06003v1
/content/early/2015/10/28/eLife\\.06011,/content/4/e06011v1
/content/early/2015/03/30/eLife\\.06029,/content/4/e06029v1
/content/early/2015/05/18/eLife\\.06041,/content/4/e06041v1
/content/early/2015/04/07/eLife\\.06056,/content/4/e06056v1
/content/early/2015/06/03/eLife\\.06057,/content/4/e06057v1
/content/early/2015/04/27/eLife\\.06072,/content/4/e06072v1
/content/early/2015/03/30/eLife\\.06073,/content/4/e06073v1
/content/early/2015/02/20/eLife\\.06074,/content/4/e06074v1
/content/early/2015/07/09/eLife\\.06085,/content/4/e06085v1
/content/early/2015/03/27/eLife\\.06119,/content/4/e06119v1
/content/early/2015/03/19/eLife\\.06120,/content/4/e06120v1
/content/early/2015/02/13/eLife\\.06132,/content/4/e06132v1
/content/early/2015/02/04/eLife\\.06156,/content/4/e06156v1
/content/early/2015/02/04/eLife\\.06166,/content/4/e06166v1
/content/early/2015/03/16/eLife\\.06179,/content/4/e06179v1
/content/early/2015/04/22/eLife\\.06181,/content/4/e06181v1
/content/early/2015/03/17/eLife\\.06195,/content/4/e06195v1
/content/early/2015/04/07/eLife\\.06205,/content/4/e06205v1
/content/early/2015/04/08/eLife\\.06205,/content/4/e06205v2
/content/early/2015/05/29/eLife\\.06213,/content/4/e06213v1
/content/early/2015/06/05/eLife\\.06213,/content/4/e06213v2
/content/early/2015/05/05/eLife\\.06225,/content/4/e06225v1
/content/early/2015/05/06/eLife\\.06229,/content/4/e06229v1
/content/early/2015/08/12/eLife\\.06234,/content/4/e06234v1
/content/early/2015/03/18/eLife\\.06250,/content/4/e06250v1
/content/early/2015/03/19/eLife\\.06250,/content/4/e06250v2
/content/early/2015/03/30/eLife\\.06253,/content/4/e06253v1
/content/early/2015/05/12/eLife\\.06262,/content/4/e06262v1
/content/early/2015/06/25/eLife\\.06266,/content/4/e06266v1
/content/early/2015/06/10/eLife\\.06283,/content/4/e06283v1
/content/early/2015/02/11/eLife\\.06303,/content/4/e06303v1
/content/early/2015/04/17/eLife\\.06327,/content/4/e06327v1
/content/early/2015/05/01/eLife\\.06327,/content/4/e06327v2
/content/early/2015/04/21/eLife\\.06328,/content/4/e06328v1
/content/early/2015/02/25/eLife\\.06346,/content/4/e06346v1
/content/early/2015/04/14/eLife\\.06358,/content/4/e06358v1
/content/early/2015/03/13/eLife\\.06369,/content/4/e06369v1
/content/early/2015/05/14/eLife\\.06376,/content/4/e06376v1
/content/early/2015/03/11/eLife\\.06380,/content/4/e06380v1
/content/early/2015/12/22/eLife\\.06397,/content/4/e06397v1
/content/early/2015/02/27/eLife\\.06412,/content/4/e06412v1
/content/early/2015/08/06/eLife\\.06414,/content/4/e06414v1
/content/early/2015/04/27/eLife\\.06421,/content/4/e06421v1
/content/early/2015/07/06/eLife\\.06444,/content/4/e06444v1
/content/early/2015/05/30/eLife\\.06462,/content/4/e06462v1
/content/early/2015/08/10/eLife\\.06467,/content/4/e06467v1
/content/early/2015/08/12/eLife\\.06467,/content/4/e06467v2
/content/early/2015/04/13/eLife\\.06481,/content/4/e06481v1
/content/early/2015/08/04/eLife\\.06487,/content/4/e06487v1
/content/early/2015/08/14/eLife\\.06492,/content/4/e06492v1
/content/early/2015/04/28/eLife\\.06496,/content/4/e06496v1
/content/early/2015/05/12/eLife\\.06498,/content/4/e06498v1
/content/early/2015/05/15/eLife\\.06500,/content/4/e06500v1
/content/early/2015/09/29/eLife\\.06505,/content/4/e06505v1
/content/early/2015/09/24/eLife\\.06508,/content/4/e06508v1
/content/early/2015/06/23/eLife\\.06513,/content/4/e06513v1
/content/early/2015/05/15/eLife\\.06516,/content/4/e06516v1
/content/early/2015/06/17/eLife\\.06535,/content/4/e06535v1
/content/early/2015/04/27/eLife\\.06545,/content/4/e06545v1
/content/early/2015/05/26/eLife\\.06547,/content/4/e06547v1
/content/early/2015/03/25/eLife\\.06557,/content/4/e06557v1
/content/early/2015/05/18/eLife\\.06559,/content/4/e06559v1
/content/early/2015/05/13/eLife\\.06562,/content/4/e06562v1
/content/early/2015/03/23/eLife\\.06565,/content/4/e06565v1
/content/early/2015/03/31/eLife\\.06567,/content/4/e06567v1
/content/early/2015/05/30/eLife\\.06602,/content/4/e06602v1
/content/early/2015/04/27/eLife\\.06604,/content/4/e06604v1
/content/early/2015/07/23/eLife\\.06620,/content/4/e06620v1
/content/early/2015/03/06/eLife\\.06633,/content/4/e06633v1
/content/early/2015/05/14/eLife\\.06651,/content/4/e06651v1
/content/early/2015/05/07/eLife\\.06659,/content/4/e06659v1
/content/early/2015/05/08/eLife\\.06659,/content/4/e06659v2
/content/early/2015/05/08/eLife\\.06664,/content/4/e06664v1
/content/early/2015/04/21/eLife\\.06670,/content/4/e06670v1
/content/early/2015/09/07/eLife\\.06671,/content/4/e06671v1
/content/early/2015/06/19/eLife\\.06678,/content/4/e06678v1
/content/early/2015/04/21/eLife\\.06683,/content/4/e06683v1
/content/early/2015/04/23/eLife\\.06722,/content/4/e06722v1
/content/early/2015/05/27/eLife\\.06726,/content/4/e06726v1
/content/early/2015/03/30/eLife\\.06734,/content/4/e06734v1
/content/early/2015/07/11/eLife\\.06744,/content/4/e06744v1
/content/early/2015/05/23/eLife\\.06792,/content/4/e06792v1
/content/early/2015/03/25/eLife\\.06808,/content/4/e06808v1
/content/early/2015/06/25/eLife\\.06821,/content/4/e06821v1
/content/early/2015/06/26/eLife\\.06821,/content/4/e06821v2
/content/early/2015/04/02/eLife\\.06828,/content/4/e06828v1
/content/early/2015/06/27/eLife\\.06845,/content/4/e06845v1
/content/early/2015/03/24/eLife\\.06857,/content/4/e06857v1
/content/early/2015/05/13/eLife\\.06878,/content/4/e06878v1
/content/early/2015/08/13/eLife\\.06885,/content/4/e06885v1
/content/early/2015/06/09/eLife\\.06901,/content/4/e06901v1
/content/early/2015/06/05/eLife\\.06907,/content/4/e06907v1
/content/early/2015/06/17/eLife\\.06914,/content/4/e06914v1
/content/early/2015/08/10/eLife\\.06925,/content/4/e06925v1
/content/early/2015/07/06/eLife\\.06942,/content/4/e06942v1
/content/early/2015/06/19/eLife\\.06951,/content/4/e06951v1
/content/early/2015/04/22/eLife\\.06953,/content/4/e06953v1
/content/early/2015/06/07/eLife\\.06963,/content/4/e06963v1
/content/early/2015/04/23/eLife\\.06967,/content/4/e06967v1
/content/early/2015/05/29/eLife\\.06980,/content/4/e06980v1
/content/early/2015/06/10/eLife\\.06990,/content/4/e06990v1
/content/early/2015/08/10/eLife\\.06994,/content/4/e06994v1
/content/early/2015/07/16/eLife\\.06996,/content/4/e06996v1
/content/early/2015/09/16/eLife\\.07000,/content/4/e07000v1
/content/early/2015/07/23/eLife\\.07004,/content/4/e07004v1
/content/early/2015/06/26/eLife\\.07025,/content/4/e07025v1
/content/early/2015/05/08/eLife\\.07046,/content/4/e07046v1
/content/early/2015/04/13/eLife\\.07051,/content/4/e07051v1
/content/early/2015/03/25/eLife\\.07074,/content/4/e07074v1
/content/early/2015/03/30/eLife\\.07074,/content/4/e07074v2
/content/early/2015/06/23/eLife\\.07090,/content/4/e07090v1
/content/early/2015/06/23/eLife\\.07103,/content/4/e07103v1
/content/early/2015/06/19/eLife\\.07113,/content/4/e07113v1
/content/early/2015/05/07/eLife\\.07118,/content/4/e07118v1
/content/early/2015/05/08/eLife\\.07118,/content/4/e07118v2
/content/early/2015/07/07/eLife\\.07125,/content/4/e07125v1
/content/early/2015/06/20/eLife\\.07166,/content/4/e07166v1
/content/early/2015/09/11/eLife\\.07178,/content/4/e07178v1
/content/early/2015/05/07/eLife\\.07186,/content/4/e07186v1
/content/early/2015/06/19/eLife\\.07187,/content/4/e07187v1
/content/early/2015/07/01/eLife\\.07197,/content/4/e07197v1
/content/early/2015/05/08/eLife\\.07205,/content/4/e07205v1
/content/early/2015/07/14/eLife\\.07217,/content/4/e07217v1
/content/early/2015/05/07/eLife\\.07218,/content/4/e07218v1
/content/early/2015/05/23/eLife\\.07236,/content/4/e07236v1
/content/early/2015/08/27/eLife\\.07242,/content/4/e07242v1
/content/early/2015/08/03/eLife\\.07247,/content/4/e07247v1
/content/early/2015/05/21/eLife\\.07253,/content/4/e07253v1
/content/early/2015/06/01/eLife\\.07270,/content/4/e07270v1
/content/early/2015/07/08/eLife\\.07288,/content/4/e07288v1
/content/early/2015/06/17/eLife\\.07290,/content/4/e07290v1
/content/early/2015/06/15/eLife\\.07295,/content/4/e07295v1
/content/early/2015/05/11/eLife\\.07304,/content/4/e07304v1
/content/early/2015/04/15/eLife\\.07314,/content/4/e07314v1
/content/early/2015/07/10/eLife\\.07320,/content/4/e07320v1
/content/early/2015/09/22/eLife\\.07340,/content/4/e07340v1
/content/early/2015/07/28/eLife\\.07343,/content/4/e07343v1
/content/early/2015/09/14/eLife\\.07361,/content/4/e07361v1
/content/early/2015/07/13/eLife\\.07366,/content/4/e07366v1
/content/early/2015/04/28/eLife\\.07367,/content/4/e07367v1
/content/early/2015/05/22/eLife\\.07369,/content/4/e07369v1
/content/early/2015/05/22/eLife\\.07370,/content/4/e07370v1
/content/early/2015/05/21/eLife\\.07380,/content/4/e07380v1
/content/early/2015/07/30/eLife\\.07389,/content/4/e07389v1
/content/early/2015/11/06/eLife\\.07398,/content/4/e07398v1
/content/early/2015/04/22/eLife\\.07403,/content/4/e07403v1
/content/early/2015/06/09/eLife\\.07405,/content/4/e07405v1
/content/early/2015/05/29/eLife\\.07410,/content/4/e07410v1
/content/early/2015/05/13/eLife\\.07423,/content/4/e07423v1
/content/early/2015/05/15/eLife\\.07423,/content/4/e07423v2
/content/early/2015/05/20/eLife\\.07426,/content/4/e07426v1
/content/early/2015/08/10/eLife\\.07432,/content/4/e07432v1
/content/early/2015/06/15/eLife\\.07433,/content/4/e07433v1
/content/early/2015/07/20/eLife\\.07454,/content/4/e07454v1
/content/early/2015/07/22/eLife\\.07454,/content/4/e07454v2
/content/early/2015/08/12/eLife\\.07455,/content/4/e07455v1
/content/early/2015/06/02/eLife\\.07464,/content/4/e07464v1
/content/early/2015/06/04/eLife\\.07464,/content/4/e07464v2
/content/early/2015/08/07/eLife\\.07467,/content/4/e07467v1
/content/early/2015/11/26/eLife\\.07485,/content/4/e07485v1
/content/early/2015/08/11/eLife\\.07486,/content/4/e07486v1
/content/early/2015/06/17/eLife\\.07493,/content/4/e07493v1
/content/early/2015/08/22/eLife\\.07519,/content/4/e07519v1
/content/early/2015/08/24/eLife\\.07519,/content/4/e07519v2
/content/early/2015/09/02/eLife\\.07519,/content/4/e07519v3
/content/early/2015/11/27/eLife\\.07539,/content/4/e07539v1
/content/early/2015/06/09/eLife\\.07540,/content/4/e07540v1
/content/early/2015/09/22/eLife\\.07545,/content/4/e07545v1
/content/early/2015/05/19/eLife\\.07558,/content/4/e07558v1
/content/early/2015/09/30/eLife\\.07574,/content/4/e07574v1
/content/early/2015/05/20/eLife\\.07578,/content/4/e07578v1
/content/early/2015/10/09/eLife\\.07582,/content/4/e07582v1
/content/early/2015/08/19/eLife\\.07597,/content/4/e07597v1
/content/early/2015/06/02/eLife\\.07600,/content/4/e07600v1
/content/early/2015/07/30/eLife\\.07607,/content/4/e07607v1
/content/early/2015/12/09/eLife\\.07624,/content/4/e07624v1
/content/early/2015/06/19/eLife\\.07635,/content/4/e07635v1
/content/early/2015/07/01/eLife\\.07641,/content/4/e07641v1
/content/early/2015/09/11/eLife\\.07646,/content/4/e07646v1
/content/early/2015/07/08/eLife\\.07661,/content/4/e07661v1
/content/early/2015/08/28/eLife\\.07687,/content/4/e07687v1
/content/early/2015/07/21/eLife\\.07728,/content/4/e07728v1
/content/early/2015/08/19/eLife\\.07735,/content/4/e07735v1
/content/early/2015/04/22/eLife\\.07736,/content/4/e07736v1
/content/early/2015/04/28/eLife\\.07739,/content/4/e07739v1
/content/early/2015/07/28/eLife\\.07750,/content/4/e07750v1
/content/early/2015/08/27/eLife\\.07759,/content/4/e07759v1
/content/early/2015/08/28/eLife\\.07777,/content/4/e07777v1
/content/early/2015/10/13/eLife\\.07780,/content/4/e07780v1
/content/early/2015/08/13/eLife\\.07789,/content/4/e07789v1
/content/early/2015/05/18/eLife\\.07794,/content/4/e07794v1
/content/early/2015/08/24/eLife\\.07830,/content/4/e07830v1
/content/early/2015/09/24/eLife\\.07832,/content/4/e07832v1
/content/early/2015/07/21/eLife\\.07836,/content/4/e07836v1
/content/early/2015/07/20/eLife\\.07839,/content/4/e07839v1
/content/early/2015/07/13/eLife\\.07847,/content/4/e07847v1
/content/early/2015/07/03/eLife\\.07860,/content/4/e07860v1
/content/early/2015/07/14/eLife\\.07861,/content/4/e07861v1
/content/early/2015/06/15/eLife\\.07864,/content/4/e07864v1
/content/early/2015/08/26/eLife\\.07886,/content/4/e07886v1
/content/early/2015/07/17/eLife\\.07888,/content/4/e07888v1
/content/early/2015/10/03/eLife\\.07892,/content/4/e07892v1
/content/early/2015/08/29/eLife\\.07902,/content/4/e07902v1
/content/early/2015/10/16/eLife\\.07903,/content/4/e07903v1
/content/early/2015/08/19/eLife\\.07909,/content/4/e07909v1
/content/early/2015/11/14/eLife\\.07916,/content/4/e07916v1
/content/early/2015/07/04/eLife\\.07919,/content/4/e07919v1
/content/early/2015/11/17/eLife\\.07938,/content/4/e07938v1
/content/early/2015/11/19/eLife\\.07938,/content/4/e07938v2
/content/early/2015/07/02/eLife\\.07939,/content/4/e07939v1
/content/early/2015/09/14/eLife\\.07966,/content/4/e07966v1
/content/early/2015/09/02/eLife\\.07969,/content/4/e07969v1
/content/early/2015/06/26/eLife\\.07999,/content/4/e07999v1
/content/early/2015/07/16/eLife\\.08007,/content/4/e08007v1
/content/early/2015/07/14/eLife\\.08009,/content/4/e08009v1
/content/early/2015/05/19/eLife\\.08025,/content/4/e08025v1
/content/early/2015/06/22/eLife\\.08033,/content/4/e08033v1
/content/early/2015/06/10/eLife\\.08069,/content/4/e08069v1
/content/early/2015/09/19/eLife\\.08077,/content/4/e08077v1
/content/early/2015/09/30/eLife\\.08077,/content/4/e08077v2
/content/early/2015/08/24/eLife\\.08088,/content/4/e08088v1
/content/early/2015/08/22/eLife\\.08142,/content/4/e08142v1
/content/early/2015/10/14/eLife\\.08145,/content/4/e08145v1
/content/early/2015/11/02/eLife\\.08146,/content/4/e08146v1
/content/early/2015/12/02/eLife\\.08149,/content/4/e08149v1
/content/early/2015/12/10/eLife\\.08149,/content/4/e08149v2
/content/early/2015/09/01/eLife\\.08153,/content/4/e08153v1
/content/early/2015/08/31/eLife\\.08160,/content/4/e08160v1
/content/early/2015/11/06/eLife\\.08177,/content/4/e08177v1
/content/early/2015/08/25/eLife\\.08193,/content/4/e08193v1
/content/early/2015/09/03/eLife\\.08201,/content/4/e08201v1
/content/early/2015/12/09/eLife\\.08206,/content/4/e08206v1
/content/early/2015/12/24/eLife\\.08206,/content/4/e08206v2
/content/early/2015/07/16/eLife\\.08231,/content/4/e08231v1
/content/early/2015/07/28/eLife\\.08261,/content/4/e08261v1
/content/early/2015/07/30/eLife\\.08274,/content/4/e08274v1
/content/early/2015/10/09/eLife\\.08287,/content/4/e08287v1
/content/early/2015/07/24/eLife\\.08298,/content/4/e08298v1
/content/early/2015/07/11/eLife\\.08314,/content/4/e08314v1
/content/early/2015/07/14/eLife\\.08314,/content/4/e08314v2
/content/early/2015/06/29/eLife\\.08347,/content/4/e08347v1
/content/early/2015/07/03/eLife\\.08347,/content/4/e08347v2
/content/early/2015/06/07/eLife\\.08352,/content/4/e08352v1
/content/early/2015/09/03/eLife\\.08362,/content/4/e08362v1
/content/early/2015/06/12/eLife\\.08378,/content/4/e08378v1
/content/early/2015/08/13/eLife\\.08401,/content/4/e08401v1
/content/early/2015/11/26/eLife\\.08411,/content/4/e08411v1
/content/early/2015/08/26/eLife\\.08417,/content/4/e08417v1
/content/early/2015/11/19/eLife\\.08419,/content/4/e08419v1
/content/early/2015/10/20/eLife\\.08422,/content/4/e08422v1
/content/early/2015/10/17/eLife\\.08428,/content/4/e08428v1
/content/early/2015/09/07/eLife\\.08440,/content/4/e08440v1
/content/early/2015/06/23/eLife\\.08469,/content/4/e08469v1
/content/early/2015/07/22/eLife\\.08490,/content/4/e08490v1
/content/early/2015/08/03/eLife\\.08490,/content/4/e08490v2
/content/early/2015/08/26/eLife\\.08493,/content/4/e08493v1
/content/early/2015/12/09/eLife\\.08497,/content/4/e08497v1
/content/early/2015/10/31/eLife\\.08500,/content/4/e08500v1
/content/early/2015/09/04/eLife\\.08504,/content/4/e08504v1
/content/early/2015/09/08/eLife\\.08505,/content/4/e08505v1
/content/early/2015/12/12/eLife\\.08519,/content/4/e08519v1
/content/early/2015/12/15/eLife\\.08519,/content/4/e08519v2
/content/early/2015/12/10/eLife\\.08525,/content/4/e08525v1
/content/early/2015/09/30/eLife\\.08527,/content/4/e08527v1
/content/early/2015/11/27/eLife\\.08595,/content/4/e08595v1
/content/early/2015/08/24/eLife\\.08627,/content/4/e08627v1
/content/early/2015/10/01/eLife\\.08638,/content/4/e08638v1
/content/early/2015/09/18/eLife\\.08646,/content/4/e08646v1
/content/early/2015/08/29/eLife\\.08647,/content/4/e08647v1
/content/early/2015/09/14/eLife\\.08649,/content/4/e08649v1
/content/early/2015/10/22/eLife\\.08666,/content/4/e08666v1
/content/early/2015/10/15/eLife\\.08687,/content/4/e08687v1
/content/early/2015/09/30/eLife\\.08688,/content/4/e08688v1
/content/early/2015/09/04/eLife\\.08695,/content/4/e08695v1
/content/early/2015/09/26/eLife\\.08697,/content/4/e08697v1
/content/early/2015/10/23/eLife\\.08698,/content/4/e08698v1
/content/early/2015/09/10/eLife\\.08712,/content/4/e08712v1
/content/early/2015/08/17/eLife\\.08716,/content/4/e08716v1
/content/early/2015/09/24/eLife\\.08719,/content/4/e08719v1
/content/early/2015/10/17/eLife\\.08722,/content/4/e08722v1
/content/early/2015/09/24/eLife\\.08723,/content/4/e08723v1
/content/early/2015/07/20/eLife\\.08733,/content/4/e08733v1
/content/early/2015/09/07/eLife\\.08758,/content/4/e08758v1
/content/early/2015/10/13/eLife\\.08760,/content/4/e08760v1
/content/early/2015/07/11/eLife\\.08764,/content/4/e08764v1
/content/early/2015/09/18/eLife\\.08789,/content/4/e08789v1
/content/early/2015/09/23/eLife\\.08789,/content/4/e08789v2
/content/early/2015/07/24/eLife\\.08811,/content/4/e08811v1
/content/early/2015/11/20/eLife\\.08817,/content/4/e08817v1
/content/early/2015/08/31/eLife\\.08825,/content/4/e08825v1
/content/early/2015/09/24/eLife\\.08827,/content/4/e08827v1
/content/early/2015/08/25/eLife\\.08828,/content/4/e08828v1
/content/early/2015/09/02/eLife\\.08828,/content/4/e08828v2
/content/early/2015/12/09/eLife\\.08881,/content/4/e08881v1
/content/early/2015/12/15/eLife\\.08881,/content/4/e08881v2
/content/early/2015/12/17/eLife\\.08887,/content/4/e08887v1
/content/early/2015/12/19/eLife\\.08890,/content/4/e08890v1
/content/early/2015/08/07/eLife\\.08898,/content/4/e08898v1
/content/early/2015/09/08/eLife\\.08902,/content/4/e08902v1
/content/early/2015/10/14/eLife\\.08904,/content/4/e08904v1
/content/early/2015/08/14/eLife\\.08905,/content/4/e08905v1
/content/early/2015/10/20/eLife\\.08918,/content/4/e08918v1
/content/early/2015/11/19/eLife\\.08924,/content/4/e08924v1
/content/early/2015/09/14/eLife\\.08932,/content/4/e08932v1
/content/early/2015/09/25/eLife\\.08932,/content/4/e08932v2
/content/early/2015/10/20/eLife\\.08935,/content/4/e08935v1
/content/early/2015/10/28/eLife\\.08939,/content/4/e08939v1
/content/early/2015/09/28/eLife\\.08941,/content/4/e08941v1
/content/early/2015/07/31/eLife\\.08942,/content/4/e08942v1
/content/early/2015/10/21/eLife\\.08955,/content/4/e08955v1
/content/early/2015/07/03/eLife\\.08964,/content/4/e08964v1
/content/early/2015/09/24/eLife\\.08969,/content/4/e08969v1
/content/early/2015/12/22/eLife\\.08973,/content/4/e08973v1
/content/early/2015/11/02/eLife\\.08998,/content/4/e08998v1
/content/early/2015/12/14/eLife\\.09000,/content/4/e09000v1
/content/early/2015/12/11/eLife\\.09003,/content/4/e09003v1
/content/early/2015/06/20/eLife\\.09008,/content/4/e09008v1
/content/early/2015/08/05/eLife\\.09017,/content/4/e09017v1
/content/early/2015/08/17/eLife\\.09031,/content/4/e09031v1
/content/early/2015/12/19/eLife\\.09066,/content/4/e09066v1
/content/early/2015/08/27/eLife\\.09073,/content/4/e09073v1
/content/early/2015/09/30/eLife\\.09083,/content/4/e09083v1
/content/early/2015/12/10/eLife\\.09102,/content/4/e09102v1
/content/early/2016/01/05/eLife\\.09102,/content/4/e09102v2
/content/early/2015/10/06/eLife\\.09115,/content/4/e09115v1
/content/early/2015/10/24/eLife\\.09123,/content/4/e09123v1
/content/early/2015/07/14/eLife\\.09143,/content/4/e09143v1
/content/early/2015/08/22/eLife\\.09178,/content/4/e09178v1
/content/early/2015/10/06/eLife\\.09181,/content/4/e09181v1
/content/early/2015/12/08/eLife\\.09186,/content/4/e09186v1
/content/early/2015/09/16/eLife\\.09207,/content/4/e09207v1
/content/early/2015/11/17/eLife\\.09214,/content/4/e09214v1
/content/early/2015/08/27/eLife\\.09221,/content/4/e09221v1
/content/early/2015/10/09/eLife\\.09224,/content/4/e09224v1
/content/early/2015/10/13/eLife\\.09224,/content/4/e09224v2
/content/early/2015/06/16/eLife\\.09225,/content/4/e09225v1
/content/early/2015/09/03/eLife\\.09248,/content/4/e09248v1
/content/early/2015/07/24/eLife\\.09262,/content/4/e09262v1
/content/early/2015/11/14/eLife\\.09266,/content/4/e09266v1
/content/early/2015/12/24/eLife\\.09268,/content/4/e09268v1
/content/early/2015/07/24/eLife\\.09275,/content/4/e09275v1
/content/early/2015/12/10/eLife\\.09300,/content/4/e09300v1
/content/early/2015/08/14/eLife\\.09336,/content/4/e09336v1
/content/early/2015/07/21/eLife\\.09343,/content/4/e09343v1
/content/early/2015/09/21/eLife\\.09345,/content/4/e09345v1
/content/early/2015/08/19/eLife\\.09351,/content/4/e09351v1
/content/early/2015/08/26/eLife\\.09358,/content/4/e09358v1
/content/early/2015/09/25/eLife\\.09384,/content/4/e09384v1
/content/early/2015/09/14/eLife\\.09391,/content/4/e09391v1
/content/early/2015/10/16/eLife\\.09406,/content/4/e09406v1
/content/early/2015/12/14/eLife\\.09410,/content/4/e09410v1
/content/early/2015/11/27/eLife\\.09418,/content/4/e09418v1
/content/early/2015/11/13/eLife\\.09419,/content/4/e09419v1
/content/early/2015/09/29/eLife\\.09423,/content/4/e09423v1
/content/early/2015/10/06/eLife\\.09431,/content/4/e09431v1
/content/early/2015/10/24/eLife\\.09436,/content/4/e09436v1
/content/early/2015/08/26/eLife\\.09457,/content/4/e09457v1
/content/early/2015/12/10/eLife\\.09460,/content/4/e09460v1
/content/early/2015/10/13/eLife\\.09500,/content/4/e09500v1
/content/early/2015/12/29/eLife\\.09520,/content/4/e09520v1
/content/early/2015/12/30/eLife\\.09532,/content/4/e09532v1
/content/early/2015/10/28/eLife\\.09545,/content/4/e09545v1
/content/early/2015/11/07/eLife\\.09571,/content/4/e09571v1
/content/early/2015/09/29/eLife\\.09579,/content/4/e09579v1
/content/early/2015/12/23/eLife\\.09580,/content/4/e09580v1
/content/early/2015/08/14/eLife\\.09590,/content/4/e09590v1
/content/early/2015/10/02/eLife\\.09591,/content/4/e09591v1
/content/early/2015/11/02/eLife\\.09594,/content/4/e09594v1
/content/early/2015/11/27/eLife\\.09600,/content/4/e09600v1
/content/early/2015/10/06/eLife\\.09617,/content/4/e09617v1
/content/early/2015/10/05/eLife\\.09623,/content/4/e09623v1
/content/early/2015/10/01/eLife\\.09638,/content/4/e09638v1
/content/early/2015/12/02/eLife\\.09646,/content/4/e09646v1
/content/early/2015/10/03/eLife\\.09651,/content/4/e09651v1
/content/early/2015/10/08/eLife\\.09652,/content/4/e09652v1
/content/early/2015/11/17/eLife\\.09668,/content/4/e09668v1
/content/early/2015/11/19/eLife\\.09668,/content/4/e09668v2
/content/early/2015/12/29/eLife\\.09672,/content/4/e09672v1
/content/early/2015/09/02/eLife\\.09674,/content/4/e09674v1
/content/early/2015/12/01/eLife\\.09693,/content/4/e09693v1
/content/early/2015/10/14/eLife\\.09696,/content/4/e09696v1
/content/early/2015/09/02/eLife\\.09709,/content/4/e09709v1
/content/early/2015/11/09/eLife\\.09743,/content/4/e09743v1
/content/early/2015/10/02/eLife\\.09771,/content/4/e09771v1
/content/early/2015/10/05/eLife\\.09771,/content/4/e09771v2
/content/early/2015/09/02/eLife\\.09800,/content/4/e09800v1
/content/early/2015/09/29/eLife\\.09811,/content/4/e09811v1
/content/early/2015/10/22/eLife\\.09832,/content/4/e09832v1
/content/early/2015/11/02/eLife\\.09832,/content/4/e09832v2
/content/early/2015/11/14/eLife\\.09861,/content/4/e09861v1
/content/early/2015/11/20/eLife\\.09861,/content/4/e09861v2
/content/early/2015/10/13/eLife\\.09868,/content/4/e09868v1
/content/early/2015/10/16/eLife\\.09868,/content/4/e09868v2
/content/early/2015/10/15/eLife\\.09886,/content/4/e09886v1
/content/early/2015/11/14/eLife\\.09906,/content/4/e09906v1
/content/early/2015/10/26/eLife\\.09943,/content/4/e09943v1
/content/early/2015/12/10/eLife\\.09945,/content/4/e09945v1
/content/early/2015/10/27/eLife\\.09946,/content/4/e09946v1
/content/early/2015/09/24/eLife\\.09960,/content/4/e09960v1
/content/early/2015/12/08/eLife\\.10015,/content/4/e10015v1
/content/early/2015/12/08/eLife\\.10024,/content/4/e10024v1
/content/early/2015/09/14/eLife\\.10027,/content/4/e10027v1
/content/early/2015/10/01/eLife\\.10027,/content/4/e10027v2
/content/early/2015/08/31/eLife\\.10032,/content/4/e10032v1
/content/early/2015/09/08/eLife\\.10034,/content/4/e10034v1
/content/early/2015/10/19/eLife\\.10036,/content/4/e10036v1
/content/early/2015/12/24/eLife\\.10056,/content/4/e10056v1
/content/early/2015/11/23/eLife\\.10067,/content/4/e10067v1
/content/early/2015/12/03/eLife\\.10070,/content/4/e10070v1
/content/early/2015/08/14/eLife\\.10072,/content/4/e10072v1
/content/early/2015/09/07/eLife\\.10074,/content/4/e10074v1
/content/early/2015/12/05/eLife\\.10087,/content/4/e10087v1
/content/early/2015/12/29/eLife\\.10106,/content/4/e10106v1
/content/early/2015/11/09/eLife\\.10111,/content/4/e10111v1
/content/early/2015/10/06/eLife\\.10113,/content/4/e10113v1
/content/early/2015/11/27/eLife\\.10115,/content/4/e10115v1
/content/early/2015/11/28/eLife\\.10140,/content/4/e10140v1
/content/early/2015/12/07/eLife\\.10140,/content/4/e10140v2
/content/early/2015/11/02/eLife\\.10150,/content/4/e10150v1
/content/early/2015/12/08/eLife\\.10163,/content/4/e10163v1
/content/early/2015/10/06/eLife\\.10180,/content/4/e10180v1
/content/early/2015/09/11/eLife\\.10206,/content/4/e10206v1
/content/early/2015/12/10/eLife\\.10222,/content/4/e10222v1
/content/early/2015/11/14/eLife\\.10230,/content/4/e10230v1
/content/early/2015/10/22/eLife\\.10279,/content/4/e10279v1
/content/early/2015/10/31/eLife\\.10319,/content/4/e10319v1
/content/early/2015/12/22/eLife\\.10365,/content/4/e10365v1
/content/early/2015/11/28/eLife\\.10396,/content/4/e10396v1
/content/early/2015/12/14/eLife\\.10399,/content/4/e10399v1
/content/early/2015/10/31/eLife\\.10441,/content/4/e10441v1
/content/early/2015/12/09/eLife\\.10450,/content/4/e10450v1
/content/early/2015/11/27/eLife\\.10451,/content/4/e10451v1
/content/early/2015/11/27/eLife\\.10499,/content/4/e10499v1
/content/early/2015/10/12/eLife\\.10501,/content/4/e10501v1
/content/early/2015/11/02/eLife\\.10510,/content/4/e10510v1
/content/early/2015/09/14/eLife\\.10514,/content/4/e10514v1
/content/early/2015/11/02/eLife\\.10518,/content/4/e10518v1
/content/early/2015/11/18/eLife\\.10542,/content/4/e10542v1
/content/early/2015/09/22/eLife\\.10559,/content/4/e10559v1
/content/early/2015/09/25/eLife\\.10559,/content/4/e10559v2
/content/early/2015/09/24/eLife\\.10565,/content/4/e10565v1
/content/early/2015/12/14/eLife\\.10567,/content/4/e10567v1
/content/early/2015/11/26/eLife\\.10586,/content/4/e10586v1
/content/early/2015/12/22/eLife\\.10592,/content/4/e10592v1
/content/early/2015/12/29/eLife\\.10606,/content/4/e10606v1
/content/early/2015/12/30/eLife\\.10606,/content/4/e10606v2
/content/early/2015/11/27/eLife\\.10616,/content/4/e10616v1
/content/early/2015/11/17/eLife\\.10635,/content/4/e10635v1
/content/early/2015/10/28/eLife\\.10721,/content/4/e10721v1
/content/early/2015/11/17/eLife\\.10735,/content/4/e10735v1
/content/early/2015/12/09/eLife\\.10766,/content/4/e10766v1
/content/early/2015/12/02/eLife\\.10774,/content/4/e10774v1
/content/early/2015/11/30/eLife\\.10778,/content/4/e10778v1
/content/early/2015/11/07/eLife\\.10781,/content/4/e10781v1
/content/early/2015/08/27/eLife\\.10782,/content/4/e10782v1
/content/early/2015/08/28/eLife\\.10782,/content/4/e10782v2
/content/early/2015/11/18/eLife\\.10809,/content/4/e10809v1
/content/early/2015/11/30/eLife\\.10809,/content/4/e10809v2
/content/early/2015/09/24/eLife\\.10811,/content/4/e10811v1
/content/early/2015/11/09/eLife\\.10832,/content/4/e10832v1
/content/early/2015/12/22/eLife\\.10837,/content/4/e10837v1
/content/early/2015/12/03/eLife\\.10841,/content/4/e10841v1
/content/early/2015/12/14/eLife\\.10850,/content/4/e10850v1
/content/early/2015/11/26/eLife\\.10859,/content/4/e10859v1
/content/early/2015/11/21/eLife\\.10870,/content/4/e10870v1
/content/early/2015/09/29/eLife\\.10874,/content/4/e10874v1
/content/early/2015/12/17/eLife\\.10891,/content/4/e10891v1
/content/early/2015/11/18/eLife\\.10935,/content/4/e10935v1
/content/early/2015/12/10/eLife\\.10955,/content/4/e10955v1
/content/early/2015/12/14/eLife\\.10972,/content/4/e10972v1
/content/early/2015/11/14/eLife\\.10982,/content/4/e10982v1
/content/early/2015/11/14/eLife\\.10988,/content/4/e10988v1
/content/early/2015/11/27/eLife\\.11009,/content/4/e11009v1
/content/early/2015/12/09/eLife\\.11012,/content/4/e11012v1
/content/early/2015/10/06/eLife\\.11092,/content/4/e11092v1
/content/early/2015/12/24/eLife\\.11102,/content/4/e11102v1
/content/early/2015/10/24/eLife\\.11134,/content/4/e11134v1
/content/early/2015/12/15/eLife\\.11147,/content/4/e11147v1
/content/early/2015/11/14/eLife\\.11159,/content/4/e11159v1
/content/early/2015/12/01/eLife\\.11182,/content/4/e11182v1
/content/early/2015/11/14/eLife\\.11188,/content/4/e11188v1
/content/early/2015/11/17/eLife\\.11188,/content/4/e11188v2
/content/early/2015/11/02/eLife\\.11205,/content/4/e11205v1
/content/early/2015/12/08/eLife\\.11214,/content/4/e11214v1
/content/early/2015/12/19/eLife\\.11215,/content/4/e11215v1
/content/early/2015/12/10/eLife\\.11282,/content/4/e11282v1
/content/early/2015/11/26/eLife\\.11290,/content/4/e11290v1
/content/early/2015/12/15/eLife\\.11299,/content/4/e11299v1
/content/early/2015/12/22/eLife\\.11306,/content/4/e11306v1
/content/early/2015/12/17/eLife\\.11308,/content/4/e11308v1
/content/early/2015/11/19/eLife\\.11315,/content/4/e11315v1
/content/early/2015/12/29/eLife\\.11346,/content/4/e11346v1
/content/early/2015/12/03/eLife\\.11349,/content/4/e11349v1
/content/early/2015/11/14/eLife\\.11351,/content/4/e11351v1
/content/early/2015/11/14/eLife\\.11352,/content/4/e11352v1
/content/early/2015/12/07/eLife\\.11386,/content/4/e11386v1
/content/early/2015/12/15/eLife\\.11389,/content/4/e11389v1
/content/early/2015/12/16/eLife\\.11389,/content/4/e11389v2
/content/early/2015/12/24/eLife\\.11416,/content/4/e11416v1
/content/early/2015/12/17/eLife\\.11466,/content/4/e11466v1
/content/early/2016/01/06/eLife\\.11466,/content/4/e11466v2
/content/early/2016/01/12/eLife\\.11466,/content/4/e11466v3
/content/early/2015/11/26/eLife\\.11553,/content/4/e11553v1
/content/early/2015/11/30/eLife\\.11553,/content/4/e11553v2
/content/early/2015/11/27/eLife\\.11571,/content/4/e11571v1
/content/early/2015/11/02/eLife\\.11611,/content/4/e11611v1
/content/early/2015/12/18/eLife\\.11615,/content/4/e11615v1
/content/early/2015/12/16/eLife\\.11620,/content/4/e11620v1
/content/early/2015/10/24/eLife\\.11623,/content/4/e11623v1
/content/early/2015/12/31/eLife\\.11682,/content/4/e11682v1
/content/early/2015/12/08/eLife\\.11692,/content/4/e11692v1
/content/early/2015/12/11/eLife\\.11695,/content/4/e11695v1
/content/early/2015/12/16/eLife\\.11721,/content/4/e11721v1
/content/early/2015/12/16/eLife\\.11795,/content/4/e11795v1
/content/early/2015/12/17/eLife\\.11795,/content/4/e11795v2
/content/early/2015/12/23/eLife\\.11814,/content/4/e11814v1
/content/early/2015/11/07/eLife\\.11859,/content/4/e11859v1
/content/early/2015/12/29/eLife\\.11897,/content/4/e11897v1
/content/early/2015/12/11/eLife\\.11945,/content/4/e11945v1
/content/early/2015/12/19/eLife\\.11946,/content/4/e11946v1
/content/early/2015/12/25/eLife\\.12029,/content/4/e12029v1
/content/early/2016/01/12/eLife\\.12029,/content/4/e12029v2
/content/early/2016/01/13/eLife\\.12029,/content/4/e12029v3
/content/early/2015/11/21/eLife\\.12058,/content/4/e12058v1
/content/early/2015/12/08/eLife\\.12088,/content/4/e12088v1
/content/early/2015/12/08/eLife\\.12177,/content/4/e12177v1
/content/early/2015/11/26/eLife\\.12223,/content/4/e12223v1
/content/early/2015/12/18/eLife\\.12247,/content/4/e12247v1
/content/early/2015/12/18/eLife\\.12256,/content/4/e12256v1
/content/early/2015/12/19/eLife\\.12301,/content/4/e12301v1
/content/early/2015/12/28/eLife\\.12362,/content/4/e12362v1
/content/early/2015/12/23/eLife\\.12401,/content/4/e12401v1
/content/early/2015/12/25/eLife\\.12432,/content/4/e12432v1
/content/early/2015/12/30/eLife\\.12432,/content/4/e12432v2
/content/early/2015/12/15/eLife\\.12548,/content/4/e12548v1
/content/early/2015/12/22/eLife\\.12559,/content/4/e12559v1
/content/early/2015/12/17/eLife\\.12621,/content/4/e12621v1
/content/early/2015/12/03/eLife\\.12703,/content/4/e12703v1
/content/early/2015/12/14/eLife\\.12790,/content/4/e12790v1
/content/early/2015/12/29/eLife\\.12916,/content/4/e12916v1
/content/early/2015/12/19/eLife\\.12997,/content/4/e12997v1
/content/early/2015/12/28/eLife\\.13232,/content/4/e13232v1
/content/early/2016/02/04/eLife\\.07727,/content/5/e07727v1
/content/early/2016/01/27/eLife\\.08848,/content/5/e08848v1
/content/early/2016/02/02/eLife\\.08851,/content/5/e08851v1
/content/early/2016/01/14/eLife\\.08996,/content/5/e08996v1
/content/early/2016/01/14/eLife\\.09100,/content/5/e09100v1
/content/early/2016/02/02/eLife\\.09373,/content/5/e09373v1
/content/early/2016/02/02/eLife\\.09977,/content/5/e09977v1
/content/early/2016/01/18/eLife\\.10042,/content/5/e10042v1
/content/early/2016/02/03/eLife\\.10047,/content/5/e10047v1
/content/early/2016/01/05/eLife\\.10116,/content/5/e10116v1
/content/early/2016/01/13/eLife\\.10415,/content/5/e10415v1
/content/early/2016/01/05/eLife\\.10483,/content/5/e10483v1
/content/early/2016/01/23/eLife\\.10625,/content/5/e10625v1
/content/early/2016/01/14/eLife\\.10644,/content/5/e10644v1
/content/early/2016/01/09/eLife\\.10757,/content/5/e10757v1
/content/early/2016/01/15/eLife\\.10806,/content/5/e10806v1
/content/early/2016/02/04/eLife\\.10807,/content/5/e10807v1
/content/early/2016/01/14/eLife\\.10856,/content/5/e10856v1
/content/early/2016/01/06/eLife\\.10921,/content/5/e10921v1
/content/early/2016/01/07/eLife\\.11058,/content/5/e11058v1
/content/early/2016/02/03/eLife\\.11117,/content/5/e11117v1
/content/early/2016/02/05/eLife\\.11117,/content/5/e11117v2
/content/early/2016/01/08/eLife\\.11155,/content/5/e11155v1
/content/early/2016/01/22/eLife\\.11189,/content/5/e11189v1
/content/early/2016/01/08/eLife\\.11297,/content/5/e11297v1
/content/early/2016/01/12/eLife\\.11297,/content/5/e11297v2
/content/early/2016/01/18/eLife\\.11407,/content/5/e11407v1
/content/early/2016/01/27/eLife\\.11418,/content/5/e11418v1
/content/early/2016/01/27/eLife\\.11479,/content/5/e11479v1
/content/early/2016/01/19/eLife\\.11576,/content/5/e11576v1
/content/early/2016/01/07/eLife\\.11583,/content/5/e11583v1
/content/early/2016/02/03/eLife\\.11588,/content/5/e11588v1
/content/early/2016/01/14/eLife\\.11614,/content/5/e11614v1
/content/early/2016/02/01/eLife\\.11752,/content/5/e11752v1
/content/early/2016/01/23/eLife\\.11815,/content/5/e11815v1
/content/early/2016/01/15/eLife\\.11861,/content/5/e11861v1
/content/early/2016/01/26/eLife\\.11911,/content/5/e11911v1
/content/early/2016/01/05/eLife\\.12010,/content/5/e12010v1
/content/early/2016/02/02/eLife\\.12024,/content/5/e12024v1
/content/early/2016/01/03/eLife\\.12095,/content/5/e12095v1
/content/early/2016/01/29/eLife\\.12125,/content/5/e12125v1
/content/early/2016/01/29/eLife\\.12175,/content/5/e12175v1
/content/early/2016/02/01/eLife\\.12192,/content/5/e12192v1
/content/early/2016/01/14/eLife\\.12203,/content/5/e12203v1
/content/early/2016/01/26/eLife\\.12245,/content/5/e12245v1
/content/early/2016/02/02/eLife\\.12387,/content/5/e12387v1
/content/early/2016/02/01/eLife\\.12397,/content/5/e12397v1
/content/early/2016/01/14/eLife\\.12411,/content/5/e12411v1
/content/early/2016/01/14/eLife\\.12435,/content/5/e12435v1
/content/early/2016/01/14/eLife\\.12504,/content/5/e12504v1
/content/early/2016/01/29/eLife\\.12556,/content/5/e12556v1
/content/early/2016/01/28/eLife\\.12572,/content/5/e12572v1
/content/early/2016/01/23/eLife\\.12748,/content/5/e12748v1
/content/early/2016/02/02/eLife\\.12792,/content/5/e12792v1
/content/early/2016/01/28/eLife\\.12813,/content/5/e12813v1
/content/early/2016/01/08/eLife\\.12814,/content/5/e12814v1
/content/early/2016/01/19/eLife\\.12856,/content/5/e12856v1
/content/early/2016/01/25/eLife\\.12975,/content/5/e12975v1
/content/early/2016/01/21/eLife\\.12994,/content/5/e12994v1
/content/early/2016/01/08/eLife\\.13027,/content/5/e13027v1
/content/early/2016/02/02/eLife\\.13222,/content/5/e13222v1
/content/early/2016/02/02/eLife\\.13571,/content/5/e13571v1
/content/early/2016/01/29/eLife\\.13834,/content/5/e13834v1